{
    "Accuracy": 0.9529421925544739,
    "Precision": 0.6530300974845886,
    "Recall": 0.9161203503608704,
    "F1_Score": 0.7625198364257812,
    "IoU": 0.6161875128746033
}