{
    "Accuracy": 0.9523265600204468,
    "Precision": 0.7164277553558349,
    "Recall": 0.9091523051261902,
    "F1_Score": 0.7968662500381469,
    "IoU": 0.6641234517097473
}