{
    "Accuracy": 0.8683375120162964,
    "Precision": 0.5235474705696106,
    "Recall": 0.9603933691978455,
    "F1_Score": 0.6776705980300903,
    "IoU": 0.5124824047088623
}