{
    "Accuracy": 0.8693687319755554,
    "Precision": 0.8298298120498657,
    "Recall": 0.7454496622085571,
    "F1_Score": 0.7853798270225525,
    "IoU": 0.6466053128242493
}