{
    "Accuracy": 0.9530484080314636,
    "Precision": 0.6553441286087036,
    "Recall": 0.7927130460739136,
    "F1_Score": 0.7175129055976868,
    "IoU": 0.5594698786735535
}