{
    "Accuracy": 0.9638437628746033,
    "Precision": 0.6509571671485901,
    "Recall": 0.9619932174682617,
    "F1_Score": 0.7764855623245239,
    "IoU": 0.6346354484558105
}