{
    "Accuracy": 0.9136468768119812,
    "Precision": 0.7172161936759949,
    "Recall": 0.7373106479644775,
    "F1_Score": 0.7271246314048767,
    "IoU": 0.5712457299232483
}