{
    "Accuracy": 0.9391281008720398,
    "Precision": 0.6076560616493225,
    "Recall": 0.9392543435096741,
    "F1_Score": 0.7379142642021179,
    "IoU": 0.5846783518791199
}