{
    "Accuracy": 0.9505906105041504,
    "Precision": 0.7328925132751465,
    "Recall": 0.9126358032226562,
    "F1_Score": 0.8129473328590393,
    "IoU": 0.6848452091217041
}