{
    "Accuracy": 0.8965469002723694,
    "Precision": 0.5827218294143677,
    "Recall": 0.6008543372154236,
    "F1_Score": 0.5916491746902466,
    "IoU": 0.42010071873664856
}