{
    "Accuracy": 0.9213562607765198,
    "Precision": 0.8192012906074524,
    "Recall": 0.34022951126098633,
    "F1_Score": 0.48078152537345886,
    "IoU": 0.316466361284256
}