{
    "Accuracy": 0.9607718586921692,
    "Precision": 0.8907582759857178,
    "Recall": 0.4549088180065155,
    "F1_Score": 0.6022496819496155,
    "IoU": 0.4308707118034363
}