{
    "Accuracy": 0.9586328268051147,
    "Precision": 0.7390292882919312,
    "Recall": 0.2840229272842407,
    "F1_Score": 0.410343199968338,
    "IoU": 0.258133202791214
}