{
    "Accuracy": 0.8885453343391418,
    "Precision": 0.8898686170578003,
    "Recall": 0.6794951558113098,
    "F1_Score": 0.7705816030502319,
    "IoU": 0.6267854571342468
}