{
    "Accuracy": 0.9498531222343445,
    "Precision": 0.8079346418380737,
    "Recall": 0.590810239315033,
    "F1_Score": 0.6825205087661743,
    "IoU": 0.5180501937866211
}