{
    "Accuracy": 0.7846921682357788,
    "Precision": 0.838687002658844,
    "Recall": 0.025425415486097336,
    "F1_Score": 0.04935460910201073,
    "IoU": 0.025301681831479073
}