{
    "Accuracy": 0.9240328073501587,
    "Precision": 0.8003062009811401,
    "Recall": 0.47206950187683105,
    "F1_Score": 0.5938499569892883,
    "IoU": 0.4223233461380005
}