{
    "Accuracy": 0.9271562695503235,
    "Precision": 0.8306271433830261,
    "Recall": 0.62120521068573,
    "F1_Score": 0.710811972618103,
    "IoU": 0.5513641238212585
}