{
    "Accuracy": 0.5882359147071838,
    "Precision": 0.36608728766441345,
    "Recall": 0.03281911835074425,
    "F1_Score": 0.06023800000548363,
    "IoU": 0.03105432540178299
}