{
    "Accuracy": 0.9255406260490417,
    "Precision": 0.8024628162384033,
    "Recall": 0.5212982892990112,
    "F1_Score": 0.6320211291313171,
    "IoU": 0.4620108902454376
}