{
    "Accuracy": 0.9350827932357788,
    "Precision": 0.6637853980064392,
    "Recall": 0.27755966782569885,
    "F1_Score": 0.3914400041103363,
    "IoU": 0.24334809184074402
}