{
    "Accuracy": 0.8916187286376953,
    "Precision": 0.7863324880599976,
    "Recall": 0.4193978011608124,
    "F1_Score": 0.5470313429832458,
    "IoU": 0.3764921724796295
}