{
    "Accuracy": 0.6850500106811523,
    "Precision": 0.8541382551193237,
    "Recall": 0.021373748779296875,
    "F1_Score": 0.04170390963554382,
    "IoU": 0.02129601687192917
}