{
    "Accuracy": 0.8767094016075134,
    "Precision": 0.9021459221839905,
    "Recall": 0.5823192000389099,
    "F1_Score": 0.7077793478965759,
    "IoU": 0.5477232933044434
}