{
    "Accuracy": 0.9400812387466431,
    "Precision": 0.8155571222305298,
    "Recall": 0.5852071642875671,
    "F1_Score": 0.6814420819282532,
    "IoU": 0.5168086290359497
}