{
    "Accuracy": 0.7740921974182129,
    "Precision": 0.9392389059066772,
    "Recall": 0.019935110583901405,
    "F1_Score": 0.03904157504439354,
    "IoU": 0.019909434020519257
}