{
    "Accuracy": 0.9149296879768372,
    "Precision": 0.9026874303817749,
    "Recall": 0.3563912510871887,
    "F1_Score": 0.5110242962837219,
    "IoU": 0.3432052731513977
}