{
    "Accuracy": 0.9464718699455261,
    "Precision": 0.8393681645393372,
    "Recall": 0.433949738740921,
    "F1_Score": 0.5721173286437988,
    "IoU": 0.40067529678344727
}