{
    "Accuracy": 0.6770906448364258,
    "Precision": 0.9104714393615723,
    "Recall": 0.019102737307548523,
    "F1_Score": 0.037420351058244705,
    "IoU": 0.01906692236661911
}