{
    "Accuracy": 0.8237125277519226,
    "Precision": 0.9370728135108948,
    "Recall": 0.6445016860961914,
    "F1_Score": 0.7637262940406799,
    "IoU": 0.6177647113800049
}