{
    "Accuracy": 0.8646828144788742,
    "Precision": 0.816788025200367,
    "Recall": 0.3691011146642268,
    "F1_Score": 0.4642739359289408,
    "IoU": 0.33743250677362085
}