{
    "Accuracy": 0.8755828142166138,
    "Precision": 0.8527001738548279,
    "Recall": 0.6628473997116089,
    "F1_Score": 0.7458823323249817,
    "IoU": 0.5947467088699341
}