{
    "Accuracy": 0.8969609141349792,
    "Precision": 0.7514602541923523,
    "Recall": 0.893734872341156,
    "F1_Score": 0.8164457082748413,
    "IoU": 0.6898252964019775
}