{
    "Accuracy": 0.8927700042724609,
    "Precision": 0.6649258971214295,
    "Recall": 0.8000441431999207,
    "F1_Score": 0.7111825942993164,
    "IoU": 0.5569757997989655
}