{
    "Accuracy": 0.8102937340736389,
    "Precision": 0.9278554320335388,
    "Recall": 0.6189966201782227,
    "F1_Score": 0.7425912022590637,
    "IoU": 0.5905726552009583
}