{
    "Accuracy": 0.8820484280586243,
    "Precision": 0.7534557580947876,
    "Recall": 0.7247706055641174,
    "F1_Score": 0.7388348579406738,
    "IoU": 0.5858351588249207
}