{
    "Accuracy": 0.8563899993896484,
    "Precision": 0.8003377199172974,
    "Recall": 0.7148937582969666,
    "F1_Score": 0.7421847462654114,
    "IoU": 0.601514744758606
}