{
    "Accuracy": 0.7764312624931335,
    "Precision": 0.8248699307441711,
    "Recall": 0.40570372343063354,
    "F1_Score": 0.5438972115516663,
    "IoU": 0.37352943420410156
}