{
    "Accuracy": 0.9205884337425232,
    "Precision": 0.7061658501625061,
    "Recall": 0.806219482421875,
    "F1_Score": 0.7349593639373779,
    "IoU": 0.5815226793289184
}