{
    "Accuracy": 0.9094468951225281,
    "Precision": 0.41548943519592285,
    "Recall": 0.878240704536438,
    "F1_Score": 0.5641048550605774,
    "IoU": 0.39285939931869507
}