{
    "Accuracy": 0.9100672006607056,
    "Precision": 0.42990612983703613,
    "Recall": 0.9075720906257629,
    "F1_Score": 0.5834425091743469,
    "IoU": 0.4118734896183014
}