{
    "Accuracy": 0.9348531365394592,
    "Precision": 0.335163414478302,
    "Recall": 0.9698659777641296,
    "F1_Score": 0.49817052483558655,
    "IoU": 0.3317091166973114
}