{
    "Accuracy": 0.839773416519165,
    "Precision": 0.5086540579795837,
    "Recall": 0.9372185468673706,
    "F1_Score": 0.6594219207763672,
    "IoU": 0.4918936789035797
}