{
    "Accuracy": 0.7802093625068665,
    "Precision": 0.014747492969036102,
    "Recall": 0.6683722138404846,
    "F1_Score": 0.028858235105872154,
    "IoU": 0.014640365727245808
}