{
    "Accuracy": 0.8834718465805054,
    "Precision": 0.3962012231349945,
    "Recall": 0.7636534571647644,
    "F1_Score": 0.5217213034629822,
    "IoU": 0.3529248535633087
}