{
    "Accuracy": 0.7567015886306763,
    "Precision": 0.023190943524241447,
    "Recall": 0.8635404706001282,
    "F1_Score": 0.04516884684562683,
    "IoU": 0.02310626581311226
}