{
    "Accuracy": 0.9069593548774719,
    "Precision": 0.4540479779243469,
    "Recall": 0.9090710282325745,
    "F1_Score": 0.6056138277053833,
    "IoU": 0.43432289361953735
}