{
    "Accuracy": 0.8018937706947327,
    "Precision": 0.6796117424964905,
    "Recall": 0.6592013835906982,
    "F1_Score": 0.669251024723053,
    "IoU": 0.5029129981994629
}