{
    "Accuracy": 0.9005781412124634,
    "Precision": 0.7590023875236511,
    "Recall": 0.7726803421974182,
    "F1_Score": 0.7657802700996399,
    "IoU": 0.6204570531845093
}