{
    "Accuracy": 0.9164078235626221,
    "Precision": 0.3229832053184509,
    "Recall": 0.8764201402664185,
    "F1_Score": 0.4720163345336914,
    "IoU": 0.30891451239585876
}