{
    "Accuracy": 0.715749979019165,
    "Precision": 0.020489424467086792,
    "Recall": 0.7355403900146484,
    "F1_Score": 0.03986826539039612,
    "IoU": 0.020339585840702057
}