{
    "Accuracy": 0.5937625169754028,
    "Precision": 0.038724977523088455,
    "Recall": 0.43106064200401306,
    "F1_Score": 0.07106566429138184,
    "IoU": 0.03684192895889282
}