{
    "Accuracy": 0.9009562730789185,
    "Precision": 0.43799418210983276,
    "Recall": 0.8580728769302368,
    "F1_Score": 0.5799559950828552,
    "IoU": 0.408407062292099
}