{
    "Accuracy": 0.8987609148025513,
    "Precision": 0.2978666424751282,
    "Recall": 0.7779293656349182,
    "F1_Score": 0.43078652024269104,
    "IoU": 0.27452385425567627
}