{
    "Accuracy": 0.8370406031608582,
    "Precision": 0.017133021727204323,
    "Recall": 0.4016319215297699,
    "F1_Score": 0.03286411240696907,
    "IoU": 0.01670657843351364
}