{
    "Accuracy": 0.9331390857696533,
    "Precision": 0.20557281374931335,
    "Recall": 0.849338173866272,
    "F1_Score": 0.33102476596832275,
    "IoU": 0.19834013283252716
}