{
    "Accuracy": 0.9268062710762024,
    "Precision": 0.27062439918518066,
    "Recall": 0.7828614115715027,
    "F1_Score": 0.4022102653980255,
    "IoU": 0.25172916054725647
}