{
    "Accuracy": 0.918749988079071,
    "Precision": 0.325287789106369,
    "Recall": 0.7708289623260498,
    "F1_Score": 0.45750829577445984,
    "IoU": 0.29660341143608093
}