{
    "Accuracy": 0.8386124968528748,
    "Precision": 0.3986051082611084,
    "Recall": 0.9777030348777771,
    "F1_Score": 0.566322922706604,
    "IoU": 0.39501428604125977
}