{
    "Accuracy": 0.8551970332860946,
    "Precision": 0.3175648184493184,
    "Recall": 0.7895401567220688,
    "F1_Score": 0.41625782297924163,
    "IoU": 0.2892060313839465
}