{
    "Accuracy": 0.962109386920929,
    "Precision": 0.5794563293457031,
    "Recall": 0.9200838804244995,
    "F1_Score": 0.7110825181007385,
    "IoU": 0.5516896843910217
}