{
    "Accuracy": 0.953181266784668,
    "Precision": 0.7429186105728149,
    "Recall": 0.945493221282959,
    "F1_Score": 0.832053542137146,
    "IoU": 0.7124072313308716
}