{
    "Accuracy": 0.8113859295845032,
    "Precision": 0.7660263776779175,
    "Recall": 0.7644219994544983,
    "F1_Score": 0.7652233242988586,
    "IoU": 0.6197261214256287
}