{
    "Accuracy": 0.9657906293869019,
    "Precision": 0.8456414937973022,
    "Recall": 0.8322578072547913,
    "F1_Score": 0.8388962745666504,
    "IoU": 0.7224989533424377
}