{
    "Accuracy": 0.9427156448364258,
    "Precision": 0.8275067210197449,
    "Recall": 0.9341228008270264,
    "F1_Score": 0.8775885105133057,
    "IoU": 0.7818776965141296
}