{
    "Accuracy": 0.9264218807220459,
    "Precision": 0.6141997575759888,
    "Recall": 0.8823907375335693,
    "F1_Score": 0.7242651581764221,
    "IoU": 0.5677238702774048
}