{
    "Accuracy": 0.9055187493562699,
    "Precision": 0.721964305639267,
    "Recall": 0.8075774222612381,
    "F1_Score": 0.7462982386350632,
    "IoU": 0.6010341688990593
}